name,category,subcategory,price,unit,image,status,stock_count
ProV Select California Almonds : 1 kg,Fresh Produce,Vegetables,1349.0,1 kg,/api/placeholder/200/200,active,100
Prov Independence California Almonds : 500 gms,Fresh Produce,Vegetables,749.0,500 g,/api/placeholder/200/200,active,100
DMart Premia Badam (Almonds) : 500 gms,Fresh Produce,Vegetables,577.0,500 g,/api/placeholder/200/200,active,100
DMart Premia Chana Dal (Senaga pappu) : 500 gms,Fresh Produce,Vegetables,81.0,500 g,/api/placeholder/200/200,active,100
DMart Premia Rajma White (Chitra) : 500 gms,Fresh Produce,Vegetables,119.0,500 g,/api/placeholder/200/200,active,100
Wonderland California Almonds : 500 gms,Fresh Produce,Vegetables,725.0,500 g,/api/placeholder/200/200,active,100
DMart Premia Badam American : 1 kg,Fresh Produce,Vegetables,1058.0,1 kg,/api/placeholder/200/200,active,100
DMart Healthy Choice Unpolished Chana Dal (Senaga pappu) : 1 kg,Fresh Produce,Vegetables,171.0,1 kg,/api/placeholder/200/200,active,100
Nutraj Almond : 200 gms,Fresh Produce,Vegetables,299.0,200 g,/api/placeholder/200/200,active,100
Happilo Californian Almonds : 500 gms,Fresh Produce,Vegetables,675.0,500 g,/api/placeholder/200/200,active,100
Tata Sampann 100% Organic Unpolished Chana Dal (Senaga pappu) : 1 kg,Fresh Produce,Vegetables,260.0,1 kg,/api/placeholder/200/200,active,100
Tenali Double Horse Chana Dall : 500 gms,Fresh Produce,Vegetables,80.0,500 g,/api/placeholder/200/200,active,100
Ziofit Popular Californian Almonds : 500 gms,Fresh Produce,Vegetables,625.0,500 g,/api/placeholder/200/200,active,100
Organic Tattva Chana Dal : 500 gms,Fresh Produce,Vegetables,120.0,500 g,/api/placeholder/200/200,active,100
Happilo Roasted California Almond : 200 gms,Fresh Produce,Vegetables,335.0,200 g,/api/placeholder/200/200,active,100
Happilo California Natural Almonds : 200 gms,Fresh Produce,Vegetables,275.0,200 g,/api/placeholder/200/200,active,100
VSR Channa Dal (Senaga pappu) : 1 kg,Fresh Produce,Vegetables,168.0,1 kg,/api/placeholder/200/200,active,100
VSR Chana Dal (Senaga pappu) : 500 gms,Fresh Produce,Vegetables,85.0,500 g,/api/placeholder/200/200,active,100
VSR Rajma Red (Chitra) : 500 gms,Fresh Produce,Vegetables,120.0,500 g,/api/placeholder/200/200,active,100
DMart Premia Moong Dal (Pesara Pappu) : 1 kg,Fresh Produce,Vegetables,174.0,1 kg,/api/placeholder/200/200,active,100
Nutraj Cashews : 500 gms,Fresh Produce,Vegetables,699.0,500 g,/api/placeholder/200/200,active,100
Tata Sampann Moong Dal (Pesara Pappu) : 1 kg,Fresh Produce,Vegetables,215.0,1 kg,/api/placeholder/200/200,active,100
Nutraj Cashew Nuts : 1 kg,Fresh Produce,Vegetables,1499.0,1 kg,/api/placeholder/200/200,active,100
DMart Premia Regular Kaju (Cashews) - 320 : 500 gms,Fresh Produce,Vegetables,724.0,500 g,/api/placeholder/200/200,active,100
Kalbavi Popular Cashews : 500  gms,Fresh Produce,Vegetables,649.0,500 g,/api/placeholder/200/200,active,100
DMart Premia Moong Dal Chilti (Pesara Pappu) : 1 kg,Fresh Produce,Vegetables,177.0,1 kg,/api/placeholder/200/200,active,100
ProV Select Cashews : 500 gms,Fresh Produce,Vegetables,849.0,500 g,/api/placeholder/200/200,active,100
DMart Premia Kaju : 500 gms,Fresh Produce,Vegetables,702.0,500 g,/api/placeholder/200/200,active,100
DMart Premia Chowli Premium : 500 gms,Fresh Produce,Vegetables,123.0,500 g,/api/placeholder/200/200,active,100
DMart Premia Chowli Small : 500 gms,Fresh Produce,Vegetables,176.0,500 g,/api/placeholder/200/200,active,100
DMart Premia Kaju Tukda (Cashews) : 200 gms,Fresh Produce,Vegetables,376.0,200 g,/api/placeholder/200/200,active,100
Tata Sampann Moong Chilka (Pesara Pappu) : 500 gms,Fresh Produce,Vegetables,99.0,500 g,/api/placeholder/200/200,active,100
DMart Healthy Choice Unpolished Moong Dal (Pesara Pappu) : 1 kg,Fresh Produce,Vegetables,195.0,1 kg,/api/placeholder/200/200,active,100
Tata Sampann Unpolished Green Moong (Pesara Pappu) : 500 gms,Fresh Produce,Vegetables,98.0,500 g,/api/placeholder/200/200,active,100
Wonderland Cashews : 500 gms,Fresh Produce,Vegetables,770.0,500 g,/api/placeholder/200/200,active,100
Kalbavi Cashews (Kaju) : 500 gms,Fresh Produce,Vegetables,699.0,500 g,/api/placeholder/200/200,active,100
Happilo Whole Cashew Nuts : 500 gms,Fresh Produce,Vegetables,995.0,500 g,/api/placeholder/200/200,active,100
DMart Premia Kaju (240) Special : 200 gms,Fresh Produce,Vegetables,412.0,200 g,/api/placeholder/200/200,active,100
Tata Sampann 100% Organic Unpolished Moong Dal (Pesara Pappu) : 1 kg,Fresh Produce,Vegetables,290.0,1 kg,/api/placeholder/200/200,active,100
Organic Tattva Moong Dal Yellow Split : 1 kg,Fresh Produce,Vegetables,310.0,1 kg,/api/placeholder/200/200,active,100
DMart Premia Chowli Red : 500 gms,Fresh Produce,Vegetables,89.0,500 g,/api/placeholder/200/200,active,100
DMart Premia Premium Kaju (Cashews) - 210 : 200 gms,Fresh Produce,Vegetables,452.0,200 g,/api/placeholder/200/200,active,100
Organic Tattva Moong Dal Whole : 500 gms,Fresh Produce,Vegetables,145.0,500 g,/api/placeholder/200/200,active,100
24 Mantra Organic Moong Dal (Pesara Pappu) : 500 gms,Fresh Produce,Vegetables,170.0,500 g,/api/placeholder/200/200,active,100
Tenali Double Horse Moong Dall : 500 gms,Fresh Produce,Vegetables,85.0,500 g,/api/placeholder/200/200,active,100
Happilo Premium Roasted Cashew Nuts : 200 gms,Fresh Produce,Vegetables,465.0,200 g,/api/placeholder/200/200,active,100
VSR Moong Dal (Pesara Pappu) : 500 gms,Fresh Produce,Vegetables,110.0,500 g,/api/placeholder/200/200,active,100
DMart Premia Ranguni Wal,Fresh Produce,Vegetables,,,/api/placeholder/200/200,active,100
Pro Nature 100% Organic Moong Yellow : 500 gm,Fresh Produce,Vegetables,158.0,500 g,/api/placeholder/200/200,active,100
Tata Sampann Toor Dal (Kandi Pappu) : 1 kg,Fresh Produce,Vegetables,276.0,1 kg,/api/placeholder/200/200,active,100
Nutraj Pista : 400 gms,Fresh Produce,Vegetables,699.0,400 g,/api/placeholder/200/200,active,100
DMart Swaad Pista : 400 gms,Fresh Produce,Vegetables,545.0,400 g,/api/placeholder/200/200,active,100
Tata Sampann 100% Organic Unpolished Toor Dal (Kandi Pappu) : 1 kg,Fresh Produce,Vegetables,370.0,1 kg,/api/placeholder/200/200,active,100
ProV Select California Roasted & Salted Pistachios : 400 gms,Fresh Produce,Vegetables,799.0,400 g,/api/placeholder/200/200,active,100
Organic Tattva Arhar Tur Dal : 1 kg,Fresh Produce,Vegetables,365.0,1 kg,/api/placeholder/200/200,active,100
DMart Premia Pista Plain (Pistachios) : 100 gms,Fresh Produce,Vegetables,333.0,100 g,/api/placeholder/200/200,active,100
Parry's Toor Dal Unpolished : 1 kg,Fresh Produce,Vegetables,280.0,1 kg,/api/placeholder/200/200,active,100
Tenali Double Horse Toor Dall : 1 kgs,Fresh Produce,Vegetables,275.0,1 kg,/api/placeholder/200/200,active,100
Nutraj Premium California Pistachios (Pista) : 200 gms,Fresh Produce,Vegetables,379.0,200 g,/api/placeholder/200/200,active,100
DMart Premia Soyawadi : 200 gms,Fresh Produce,Vegetables,35.0,200 g,/api/placeholder/200/200,active,100
Nutrela Soya Mini Chunks : 200 gms,Fresh Produce,Vegetables,60.0,200 g,/api/placeholder/200/200,active,100
VSR Toor Dal : 2 kgs,Fresh Produce,Vegetables,480.0,2 kg,/api/placeholder/200/200,active,100
Saffola Mealmaker Soya Chunks : 400 gms,Fresh Produce,Vegetables,150.0,400 g,/api/placeholder/200/200,active,100
VSR Toor Dal : 1 kg,Fresh Produce,Vegetables,245.0,1 kg,/api/placeholder/200/200,active,100
Nutrela Soya Chunks : 200 gms,Fresh Produce,Vegetables,60.0,200 g,/api/placeholder/200/200,active,100
DMart Premia Soyabean : 500 gms,Fresh Produce,Vegetables,69.0,500 g,/api/placeholder/200/200,active,100
DMart Premia Mini Soya Chunks : 200 gms,Fresh Produce,Vegetables,38.0,200 g,/api/placeholder/200/200,active,100
Nutraj Iranian Pistachios (Pista) : 200 gms,Fresh Produce,Vegetables,449.0,200 g,/api/placeholder/200/200,active,100
Nutrela Soya Granules : 200 gms,Fresh Produce,Vegetables,60.0,200 g,/api/placeholder/200/200,active,100
24 Mantra Organic Tur Dal (Kandi Pappu) : 500 gms,Fresh Produce,Vegetables,180.0,500 g,/api/placeholder/200/200,active,100
Prov Select California Pistachio Roasted & Salted : 750 g,Fresh Produce,Vegetables,1499.0,750 g,/api/placeholder/200/200,active,100
Nutrela Soya Chunks: 1 kg,Fresh Produce,Vegetables,210.0,1 kg,/api/placeholder/200/200,active,100
Pro Nature Tur Dal Unpolished : 500 g,Fresh Produce,Vegetables,176.0,500 g,/api/placeholder/200/200,active,100
DMart Premia Desi Kabuli Chana (Bombai Senagalu) : 1 kg,Fresh Produce,Vegetables,287.0,1 kg,/api/placeholder/200/200,active,100
Tata Sampann Urad Dal (Minapa pappu) : 1 kg,Fresh Produce,Vegetables,249.0,1 kg,/api/placeholder/200/200,active,100
Tenali Double Horse Urad Dal (Minapa Pappu) : 1 kg,Fresh Produce,Vegetables,190.0,1 kg,/api/placeholder/200/200,active,100
Nutraj Arabian Premium Dates : 500 gms,Fresh Produce,Vegetables,199.0,500 g,/api/placeholder/200/200,active,100
DMart Premia Udid Dal Chilti (Minapa pappu) : 500 gms,Fresh Produce,Vegetables,105.0,500 g,/api/placeholder/200/200,active,100
Shamim Iranian Wet Dates : 400 gms,Fresh Produce,Vegetables,210.0,400 g,/api/placeholder/200/200,active,100
DMart Premia Urad Whole Premium : 1 Kg,Fresh Produce,Vegetables,237.0,1 kg,/api/placeholder/200/200,active,100
Date Crown Fard (Khajur) : 500 gms,Fresh Produce,Vegetables,315.0,500 g,/api/placeholder/200/200,active,100
Kimia Seeded Dates : 400 gms,Fresh Produce,Vegetables,310.0,400 g,/api/placeholder/200/200,active,100
Organic Tattva Kabuli Chana : 500 gms,Fresh Produce,Vegetables,199.0,500 g,/api/placeholder/200/200,active,100
Nutraj Kimia Dates : 400 gm,Fresh Produce,Vegetables,399.0,400 g,/api/placeholder/200/200,active,100
Date Crown Khenaizi (Khajur) : 500 gms,Fresh Produce,Vegetables,279.0,500 g,/api/placeholder/200/200,active,100
DMart Premia Red Dried Dates (Kharik) : 100 gms,Fresh Produce,Vegetables,89.0,100 g,/api/placeholder/200/200,active,100
Nutraj Kalmi Dates (Safawi) : 500 gms,Fresh Produce,Vegetables,749.0,500 g,/api/placeholder/200/200,active,100
Vijayalakshmi Deer Urad Dal (Minapa pappu) : 1 kg,Fresh Produce,Vegetables,198.0,1 kg,/api/placeholder/200/200,active,100
Farmley Dates Bites : 18 gms,Fresh Produce,Vegetables,40.0,18 g,/api/placeholder/200/200,active,100
Lion Deseeded Dates (Khajur) : 500 gms,Fresh Produce,Vegetables,145.0,500 g,/api/placeholder/200/200,active,100
Royal Crown Arabian Delight Luxury Dates : 500 gm,Fresh Produce,Vegetables,270.0,500 g,/api/placeholder/200/200,active,100
Nutraj Dry Dates (Yellow) Chuara-Kharek Pouch : 500 gms,Fresh Produce,Vegetables,299.0,500 g,/api/placeholder/200/200,active,100
Date Crown Kalmi Safawi Dates : 500 gms,Fresh Produce,Vegetables,400.0,500 g,/api/placeholder/200/200,active,100
Date Crown Bumaan Dates : 500 gms,Fresh Produce,Vegetables,155.0,500 g,/api/placeholder/200/200,active,100
Organic Tattva Urad Dal Whole White : 500 gms,Fresh Produce,Vegetables,175.0,500 g,/api/placeholder/200/200,active,100
Emperor Dates Iranian Muzafati : 400 gms,Fresh Produce,Vegetables,200.0,400 g,/api/placeholder/200/200,active,100
Emperor Royal Peacock Seeded Dates (Khajur) : 500 gms,Fresh Produce,Vegetables,130.0,500 g,/api/placeholder/200/200,active,100
Parry's Urad Dal Whole : 1 kg,Fresh Produce,Vegetables,210.0,1 kg,/api/placeholder/200/200,active,100
Apis Classic Dates : 500 gms,Fresh Produce,Vegetables,180.0,500 g,/api/placeholder/200/200,active,100
Tenali Double Horse Urad Dal (Minapa Pappu) : 500 gm,Fresh Produce,Vegetables,98.0,500 g,/api/placeholder/200/200,active,100
Emperor Dates - Deseeded Dates : 500 gms,Fresh Produce,Vegetables,150.0,500 g,/api/placeholder/200/200,active,100
Gulf Finest Classic Dates : 500 gm,Fresh Produce,Vegetables,162.0,500 g,/api/placeholder/200/200,active,100
Emperor Dates - Dates with Seed : 500 gms,Fresh Produce,Vegetables,110.0,500 g,/api/placeholder/200/200,active,100
Lion Layina Seeded Dates : 500 gms,Fresh Produce,Vegetables,114.0,500 g,/api/placeholder/200/200,active,100
Organic Tattva Urad Dal White Split : 500 gms,Fresh Produce,Vegetables,170.0,500 g,/api/placeholder/200/200,active,100
Royal Crown Hand Picked Mazafati Dates : 500 gm,Fresh Produce,Vegetables,261.0,500 g,/api/placeholder/200/200,active,100
VSR Urad Wash Gota (Minapa pappu) : 1 kg,Fresh Produce,Vegetables,209.0,1 kg,/api/placeholder/200/200,active,100
Gulf Zahidi Dates : 500 gm,Fresh Produce,Vegetables,162.0,500 g,/api/placeholder/200/200,active,100
Ziofit Clasic Seedless Sultan Dates : 500 gms,Fresh Produce,Vegetables,265.0,500 g,/api/placeholder/200/200,active,100
VSR Urad Dal (Minapa pappu) : 1 kg,Fresh Produce,Vegetables,202.0,1 kg,/api/placeholder/200/200,active,100
24 Mantra Organic Urad Dal White Whole (Minapa pappu) : 500 gms,Fresh Produce,Vegetables,175.0,500 g,/api/placeholder/200/200,active,100
Pro Nature 100% Organic Kabuli Chana : 500 gm,Fresh Produce,Vegetables,196.0,500 g,/api/placeholder/200/200,active,100
Apis Deseeded Dates : 500 gms,Fresh Produce,Vegetables,145.0,500 g,/api/placeholder/200/200,active,100
Apis Arabian Pearls Premium Fard Dates : 500 gms,Fresh Produce,Vegetables,249.0,500 g,/api/placeholder/200/200,active,100
VSR Urad Dal (Minapa pappu) : 500 gms,Fresh Produce,Vegetables,98.0,500 g,/api/placeholder/200/200,active,100
24 Mantra Organic Urad Black Dal Whole (Minapa pappu) : 500 gms,Fresh Produce,Vegetables,175.0,500 g,/api/placeholder/200/200,active,100
24 Mantra Organic Urad Dal White Split (Minapa pappu) : 500 gms,Fresh Produce,Vegetables,175.0,500 g,/api/placeholder/200/200,active,100
Apis Select Dates : 500 gms,Fresh Produce,Vegetables,299.0,500 g,/api/placeholder/200/200,active,100
Tenali Double Horse Black Gram Rounds : 1 kg,Fresh Produce,Vegetables,170.0,1 kg,/api/placeholder/200/200,active,100
Lion Dates : 500 gms,Fresh Produce,Vegetables,136.0,500 g,/api/placeholder/200/200,active,100
DMart Premia Chana Green (Senagalu) : 500 gms,Fresh Produce,Vegetables,85.0,500 g,/api/placeholder/200/200,active,100
DMart Premia Kismis Selected : 100 gms,Fresh Produce,Vegetables,113.0,100 g,/api/placeholder/200/200,active,100
Mahafruit Long Seedless Kishmish : 500 gms,Fresh Produce,Vegetables,199.0,500 g,/api/placeholder/200/200,active,100
Happilo Premium Afghani Seedless Black Raisins : 250 gms,Fresh Produce,Vegetables,315.0,250 g,/api/placeholder/200/200,active,100
Happilo Seedless Green Raisins : 250 gms,Fresh Produce,Vegetables,165.0,250 g,/api/placeholder/200/200,active,100
Pro Nature 100% Organic Kala Channa : 500 gm,Fresh Produce,Vegetables,119.0,500 g,/api/placeholder/200/200,active,100
Organic Tattva Masoor Malka Split : 500 gms,Fresh Produce,Vegetables,140.0,500 g,/api/placeholder/200/200,active,100
Nutraj Daily Walnut Kernels : 500 gms,Fresh Produce,Vegetables,899.0,500 g,/api/placeholder/200/200,active,100
Tenali Double Horse Urad Gota : 1 kg,Fresh Produce,Vegetables,215.0,1 kg,/api/placeholder/200/200,active,100
DMart Premia Daliya: 500 gm,Fresh Produce,Vegetables,110.0,500 g,/api/placeholder/200/200,active,100
Nutraj California Walnut Kernels (Akrod Magaj) : 250 gms,Fresh Produce,Vegetables,499.0,250 g,/api/placeholder/200/200,active,100
Nutraj California Whole Walnut (Akrod) : 1 kg,Fresh Produce,Vegetables,999.0,,/api/placeholder/200/200,active,100
DMart Premia Akrod Magaj (Walnut Kernels) : 100 gms,Fresh Produce,Vegetables,308.0,100 g,/api/placeholder/200/200,active,100
DMart Premia Udid (Minapa pappu) : 1 kg,Fresh Produce,Vegetables,203.0,1 kg,/api/placeholder/200/200,active,100
Nutraj Kashmir Walnut Kernels : 250 gms,Fresh Produce,Vegetables,399.0,250 g,/api/placeholder/200/200,active,100
Ziofit California Walnut Kernels : 200 gms,Fresh Produce,Vegetables,585.0,200 g,/api/placeholder/200/200,active,100
Pro Nature 100% Organic Daliya (Broken Wheat) : 500 gm,Fresh Produce,Vegetables,72.0,500 g,/api/placeholder/200/200,active,100
Pro Nature Organic Urad Black Whole : 500 g,Fresh Produce,Vegetables,149.0,500 g,/api/placeholder/200/200,active,100
DMart Premia Moong Whole: 1 Kg,Fresh Produce,Vegetables,188.0,1 kg,/api/placeholder/200/200,active,100
DMart Premia Mix Dal : 1 kg,Fresh Produce,Vegetables,200.0,1 kg,/api/placeholder/200/200,active,100
DMart Premia Vatana Black,Fresh Produce,Vegetables,,,/api/placeholder/200/200,active,100
DMart Premia Matki : 500 gms,Fresh Produce,Vegetables,66.0,500 g,/api/placeholder/200/200,active,100
DMart Premia Masoor Whole (Erra gullu) : 500 gms,Fresh Produce,Vegetables,68.0,500 g,/api/placeholder/200/200,active,100
Farmley Panchmeva Mix Dryfruit : 425 gm,Fresh Produce,Vegetables,599.0,425 g,/api/placeholder/200/200,active,100
DMart Premia Mixed Dry Fruits : 500 gms,Fresh Produce,Vegetables,368.0,500 g,/api/placeholder/200/200,active,100
Farmley Berry Mix : 200 g,Fresh Produce,Vegetables,349.0,200 g,/api/placeholder/200/200,active,100
Farmley Seed Mix : 200 g,Fresh Produce,Vegetables,229.0,200 g,/api/placeholder/200/200,active,100
Farmley Snack Mix Mexican Peri-Peri : 405 g,Fresh Produce,Vegetables,499.0,405 g,/api/placeholder/200/200,active,100
Farmley Trail Mix : 200 g,Fresh Produce,Vegetables,349.0,200 g,/api/placeholder/200/200,active,100
DMart Premia Nuts & Seeds Mix : 100 gm,Fresh Produce,Vegetables,120.0,100 g,/api/placeholder/200/200,active,100
DMart Premia Trail Mix : 100 gm,Fresh Produce,Vegetables,125.0,100 g,/api/placeholder/200/200,active,100
DMart Premia Breakfast Mix : 100 gm,Fresh Produce,Vegetables,120.0,100 g,/api/placeholder/200/200,active,100
Happilo Healthy Nutmix : 350 gms,Fresh Produce,Vegetables,599.0,350 g,/api/placeholder/200/200,active,100
DMart Premia Vatana Green : 500 gms,Fresh Produce,Vegetables,190.0,500 g,/api/placeholder/200/200,active,100
DMart Premia Makhana : 200 gms,Fresh Produce,Vegetables,594.0,200 g,/api/placeholder/200/200,active,100
Farmley Prasadam Makhana Pouch : 200 gms,Fresh Produce,Vegetables,595.0,,/api/placeholder/200/200,active,100
Farmley Himalayan Salted Makhana Jar : 83 gms,Fresh Produce,Vegetables,259.0,83 g,/api/placeholder/200/200,active,100
DMart Premia Wal,Fresh Produce,Vegetables,,,/api/placeholder/200/200,active,100
Farmley Peri Peri Makhana Jar : 83 gms,Fresh Produce,Vegetables,259.0,83 g,/api/placeholder/200/200,active,100
DMart Premia Mix Chana-Vatna (Sprout) : 500 gms,Fresh Produce,Vegetables,96.0,500 g,/api/placeholder/200/200,active,100
Farmley Cream & Onion Makhana Jar : 83 gms,Fresh Produce,Vegetables,259.0,83 g,/api/placeholder/200/200,active,100
DMart Premia Mix Pulse (Sprout) : 500 gms,Fresh Produce,Vegetables,95.0,500 g,/api/placeholder/200/200,active,100
Farmley Tangy Tomato Makhana Jar : 83 gms,Fresh Produce,Vegetables,259.0,83 g,/api/placeholder/200/200,active,100
Farmley Minty Pudina Makhana Jar : 83 gms,Fresh Produce,Vegetables,259.0,83 g,/api/placeholder/200/200,active,100
Farmley Cheese & Herbs Makhana : 83 gm,Fresh Produce,Vegetables,259.0,83 g,/api/placeholder/200/200,active,100
Khetika Naturale Premium Raw Makhana : 250 g,Fresh Produce,Vegetables,449.0,250 g,/api/placeholder/200/200,active,100
Nutraj Dried Figs (Anjeer) : 500 gms,Fresh Produce,Vegetables,899.0,500 g,/api/placeholder/200/200,active,100
Healthy Crunch Anjeer (Figs) : 250 gms,Fresh Produce,Vegetables,375.0,250 g,/api/placeholder/200/200,active,100
DMart Premia Groundnut (Veru Senega/Palleelu) : 1 kg,Fresh Produce,Vegetables,205.0,1 kg,/api/placeholder/200/200,active,100
Organic Tattva Groundnuts (Peanuts) : 500 gms,Fresh Produce,Vegetables,185.0,500 g,/api/placeholder/200/200,active,100
VSR Raw Peanut (Veru Senega/Palleelu) : 1 kg,Fresh Produce,Vegetables,238.0,1 kg,/api/placeholder/200/200,active,100
VSR Raw Peanut (Veru Senega/Palleelu) : 500 gms,Fresh Produce,Vegetables,120.0,500 g,/api/placeholder/200/200,active,100
Pro Nature Organic Raw Peanuts : 1 kg,Fresh Produce,Vegetables,336.0,1 kg,/api/placeholder/200/200,active,100
Pro Nature 100% Organic Raw Peanuts : 500 gm,Fresh Produce,Vegetables,174.0,500 g,/api/placeholder/200/200,active,100
DMart Premia Sugar : 5 kgs,Fresh Produce,Vegetables,264.0,5 kg,/api/placeholder/200/200,active,100
DMart Premia Jeera (Jeelakarra) : 200 gms,Fresh Produce,Vegetables,112.0,200 g,/api/placeholder/200/200,active,100
DMart Premia Poha Jada (Atukulu) : 1 kg,Fresh Produce,Vegetables,85.0,1 kg,/api/placeholder/200/200,active,100
Premium Jaggery : 900 gms,Fresh Produce,Vegetables,90.0,900 g,/api/placeholder/200/200,active,100
DMart Premia Green Elaichi (Elakulu) : 50 gms,Fresh Produce,Vegetables,354.0,50 g,/api/placeholder/200/200,active,100
DMart Premia Sabudana : 1 kg,Fresh Produce,Vegetables,82.0,1 kg,/api/placeholder/200/200,active,100
DMart Premia Green Elaichi Economy (Elakulu) : 10 gms,Fresh Produce,Vegetables,60.0,10 g,/api/placeholder/200/200,active,100
DMart Premia Black Pepper : 100 gms,Fresh Produce,Vegetables,158.0,100 g,/api/placeholder/200/200,active,100
DMart Premia Til White (Nuvvulu) : 100 gms,Fresh Produce,Vegetables,33.0,100 g,/api/placeholder/200/200,active,100
DMart Premia Kashmiri Chilli Powder Deluxe : 200 gms,Fresh Produce,Vegetables,164.0,200 g,/api/placeholder/200/200,active,100
Keshar Premium Natural Jaggery Jar : 800 gms,Fresh Produce,Vegetables,125.0,800 g,/api/placeholder/200/200,active,100
DMart Premia Dry Coconut : 500 gms,Fresh Produce,Vegetables,250.0,500 g,/api/placeholder/200/200,active,100
DMart Premia Badishep : 200 gms,Fresh Produce,Vegetables,123.0,200 g,/api/placeholder/200/200,active,100
DMart Premia Poha Patla (Atukulu) : 500 gms,Fresh Produce,Vegetables,52.0,500 g,/api/placeholder/200/200,active,100
DMart Premia Khaskhas (Gasagasaalu) : 100 gms,Fresh Produce,Vegetables,205.0,100 g,/api/placeholder/200/200,active,100
DMart Premia Dhaniya : 400 gms,Fresh Produce,Vegetables,146.0,400 g,/api/placeholder/200/200,active,100
DMart Premia Haldi Powder Deluxe (Pasupu) : 200 gms,Fresh Produce,Vegetables,78.0,200 g,/api/placeholder/200/200,active,100
DMart Premia Coconut Powder : 200 gms,Fresh Produce,Vegetables,112.0,200 g,/api/placeholder/200/200,active,100
DMart Premia Dhania Powder Deluxe : 1 kg,Fresh Produce,Vegetables,200.0,1 kg,/api/placeholder/200/200,active,100
DMart Premia Lukhnowi Badishep : 100 gms,Fresh Produce,Vegetables,60.0,100 g,/api/placeholder/200/200,active,100
DMart Premia Cassia Taj (Dalchina chekka) : 100 gms,Fresh Produce,Vegetables,93.0,100 g,/api/placeholder/200/200,active,100
Mamra - Puffed Rice (Murmuralu) : 500 gms,Fresh Produce,Vegetables,60.0,500 g,/api/placeholder/200/200,active,100
DMart Premia Ajma (Vamu) : 100 gm,Fresh Produce,Vegetables,53.0,100 g,/api/placeholder/200/200,active,100
Jaggery : 900 gms,Fresh Produce,Vegetables,90.0,900 g,/api/placeholder/200/200,active,100
DMart Premia Kasoori Methi (Menthulu) : 100 gms,Fresh Produce,Vegetables,89.0,100 g,/api/placeholder/200/200,active,100
DMart Premia Lawang : 20 gms,Fresh Produce,Vegetables,43.0,20 g,/api/placeholder/200/200,active,100
Farmley Cream & Onion Makhana Jar : 83 gms,Fresh Produce,Vegetables,259.0,83 g,/api/placeholder/200/200,active,100
DMart Premia Mix Pulse (Sprout) : 500 gms,Fresh Produce,Vegetables,95.0,500 g,/api/placeholder/200/200,active,100
Farmley Tangy Tomato Makhana Jar : 83 gms,Fresh Produce,Vegetables,259.0,83 g,/api/placeholder/200/200,active,100
Farmley Minty Pudina Makhana Jar : 83 gms,Fresh Produce,Vegetables,259.0,83 g,/api/placeholder/200/200,active,100
Farmley Cheese & Herbs Makhana : 83 gm,Fresh Produce,Vegetables,259.0,83 g,/api/placeholder/200/200,active,100
Khetika Naturale Premium Raw Makhana : 250 g,Fresh Produce,Vegetables,449.0,250 g,/api/placeholder/200/200,active,100
Nutraj Dried Figs (Anjeer) : 500 gms,Fresh Produce,Vegetables,899.0,500 g,/api/placeholder/200/200,active,100
Healthy Crunch Anjeer (Figs) : 250 gms,Fresh Produce,Vegetables,375.0,250 g,/api/placeholder/200/200,active,100
DMart Premia Groundnut (Veru Senega/Palleelu) : 1 kg,Fresh Produce,Vegetables,205.0,1 kg,/api/placeholder/200/200,active,100
Organic Tattva Groundnuts (Peanuts) : 500 gms,Fresh Produce,Vegetables,185.0,500 g,/api/placeholder/200/200,active,100
VSR Raw Peanut (Veru Senega/Palleelu) : 1 kg,Fresh Produce,Vegetables,238.0,1 kg,/api/placeholder/200/200,active,100
VSR Raw Peanut (Veru Senega/Palleelu) : 500 gms,Fresh Produce,Vegetables,120.0,500 g,/api/placeholder/200/200,active,100
Pro Nature Organic Raw Peanuts : 1 kg,Fresh Produce,Vegetables,336.0,1 kg,/api/placeholder/200/200,active,100
Pro Nature 100% Organic Raw Peanuts : 500 gm,Fresh Produce,Vegetables,174.0,500 g,/api/placeholder/200/200,active,100
DMart Premia Sugar : 5 kgs,Fresh Produce,Vegetables,264.0,5 kg,/api/placeholder/200/200,active,100
DMart Premia Jeera (Jeelakarra) : 200 gms,Fresh Produce,Vegetables,112.0,200 g,/api/placeholder/200/200,active,100
DMart Premia Poha Jada (Atukulu) : 1 kg,Fresh Produce,Vegetables,85.0,1 kg,/api/placeholder/200/200,active,100
Premium Jaggery : 900 gms,Fresh Produce,Vegetables,90.0,900 g,/api/placeholder/200/200,active,100
DMart Premia Green Elaichi (Elakulu) : 50 gms,Fresh Produce,Vegetables,354.0,50 g,/api/placeholder/200/200,active,100
DMart Premia Sabudana : 1 kg,Fresh Produce,Vegetables,82.0,1 kg,/api/placeholder/200/200,active,100
DMart Premia Green Elaichi Economy (Elakulu) : 10 gms,Fresh Produce,Vegetables,60.0,10 g,/api/placeholder/200/200,active,100
DMart Premia Black Pepper : 100 gms,Fresh Produce,Vegetables,158.0,100 g,/api/placeholder/200/200,active,100
DMart Premia Til White (Nuvvulu) : 100 gms,Fresh Produce,Vegetables,33.0,100 g,/api/placeholder/200/200,active,100
DMart Premia Kashmiri Chilli Powder Deluxe : 200 gms,Fresh Produce,Vegetables,164.0,200 g,/api/placeholder/200/200,active,100
Keshar Premium Natural Jaggery Jar : 800 gms,Fresh Produce,Vegetables,125.0,800 g,/api/placeholder/200/200,active,100
DMart Premia Dry Coconut : 500 gms,Fresh Produce,Vegetables,250.0,500 g,/api/placeholder/200/200,active,100
DMart Premia Badishep : 200 gms,Fresh Produce,Vegetables,123.0,200 g,/api/placeholder/200/200,active,100
DMart Premia Poha Patla (Atukulu) : 500 gms,Fresh Produce,Vegetables,52.0,500 g,/api/placeholder/200/200,active,100
DMart Premia Khaskhas (Gasagasaalu) : 100 gms,Fresh Produce,Vegetables,205.0,100 g,/api/placeholder/200/200,active,100
DMart Premia Dhaniya : 400 gms,Fresh Produce,Vegetables,146.0,400 g,/api/placeholder/200/200,active,100
DMart Premia Haldi Powder Deluxe (Pasupu) : 200 gms,Fresh Produce,Vegetables,78.0,200 g,/api/placeholder/200/200,active,100
DMart Premia Coconut Powder : 200 gms,Fresh Produce,Vegetables,112.0,200 g,/api/placeholder/200/200,active,100
DMart Premia Dhania Powder Deluxe : 1 kg,Fresh Produce,Vegetables,200.0,1 kg,/api/placeholder/200/200,active,100
DMart Premia Lukhnowi Badishep : 100 gms,Fresh Produce,Vegetables,60.0,100 g,/api/placeholder/200/200,active,100
DMart Premia Cassia Taj (Dalchina chekka) : 100 gms,Fresh Produce,Vegetables,93.0,100 g,/api/placeholder/200/200,active,100
Mamra - Puffed Rice (Murmuralu) : 500 gms,Fresh Produce,Vegetables,60.0,500 g,/api/placeholder/200/200,active,100
DMart Premia Ajma (Vamu) : 100 gm,Fresh Produce,Vegetables,53.0,100 g,/api/placeholder/200/200,active,100
Jaggery : 900 gms,Fresh Produce,Vegetables,90.0,900 g,/api/placeholder/200/200,active,100
DMart Premia Kasoori Methi (Menthulu) : 100 gms,Fresh Produce,Vegetables,89.0,100 g,/api/placeholder/200/200,active,100
DMart Premia Lawang : 20 gms,Fresh Produce,Vegetables,43.0,20 g,/api/placeholder/200/200,active,100
Priya Sunflower Oil : 5 Litres,Fresh Produce,Vegetables,1010.0,,/api/placeholder/200/200,active,100
Gold Drop Refined Sunflower Oil (2 L) : 1.820 kg,Fresh Produce,Vegetables,350.0,820 kg,/api/placeholder/200/200,active,100
Gold Drop Refined Sunflower Oil Tin (15 L),Fresh Produce,Vegetables,,,/api/placeholder/200/200,active,100
RRO Primio Refined Groundnut Oil : 5 Litres,Fresh Produce,Vegetables,1275.0,,/api/placeholder/200/200,active,100
Gramiyaa Wood Cold Pressed Groundnut Oil (1 L) : 910 g,Fresh Produce,Vegetables,490.0,910 g,/api/placeholder/200/200,active,100
Vijaya Groundnut Oil : 1 Litre,Fresh Produce,Vegetables,173.0,,/api/placeholder/200/200,active,100
Tata Simply Better Cold Pressed Groundnut Oil : 1 L,Fresh Produce,Vegetables,500.0,,/api/placeholder/200/200,active,100
Freedom Groundnut Oil : 1 Litre,Fresh Produce,Vegetables,215.0,,/api/placeholder/200/200,active,100
Gramiyaa Wood Cold Pressed Coconut Oil : 500 ml,Fresh Produce,Vegetables,310.0,500 ml,/api/placeholder/200/200,active,100
As Brand Filtered Groundnut Oil : 1 Litre,Fresh Produce,Vegetables,180.0,,/api/placeholder/200/200,active,100
Saffola Gold Oil (1 L) : 910 g,Fresh Produce,Vegetables,197.0,910 g,/api/placeholder/200/200,active,100
Saffola Active Oil (15 L) : 13.650 kg,Fresh Produce,Vegetables,2955.0,650 kg,/api/placeholder/200/200,active,100
Saffola Tasty Oil : 1 Litre,Fresh Produce,Vegetables,187.0,,/api/placeholder/200/200,active,100
Sundrop Heart Oil : 5 Litres,Fresh Produce,Vegetables,1265.0,,/api/placeholder/200/200,active,100
Freedom Rice Bran Oil : 1 Litre,Fresh Produce,Vegetables,194.0,,/api/placeholder/200/200,active,100
Healthy Heart Refined Rice Bran Oil : 910 gms,Fresh Produce,Vegetables,185.0,910 g,/api/placeholder/200/200,active,100
Priya Rice Rich Rice Bran Oil : 1 Litre,Fresh Produce,Vegetables,210.0,,/api/placeholder/200/200,active,100
Vijaya Ricebran Oil : 1 Litre,Fresh Produce,Vegetables,161.0,,/api/placeholder/200/200,active,100
Patanjali Kachi Ghani Mustard Oil (1 L) : 910 g,Fresh Produce,Vegetables,190.0,910 g,/api/placeholder/200/200,active,100
Fortune Kachi Ghani Mustard Oil Bottle (1 L) : 910 g,Fresh Produce,Vegetables,225.0,910 g,/api/placeholder/200/200,active,100
Tez Mustard Kachchi Ghani Oil Bottle (1 L) : 910 g,Fresh Produce,Vegetables,230.0,910 g,/api/placeholder/200/200,active,100
Tata Simply Better Cold Pressed Mustard Oil : 1 L,Fresh Produce,Vegetables,350.0,,/api/placeholder/200/200,active,100
Gramiyaa Wood Cold Pressed Mustard Oil : 1 Litre,Fresh Produce,Vegetables,490.0,,/api/placeholder/200/200,active,100
Dabur Cold Pressed Mustard Oil : 910 g,Fresh Produce,Vegetables,310.0,910 g,/api/placeholder/200/200,active,100
Ruchi Gold Refined Palmolein Oil : 850 gm,Fresh Produce,Vegetables,177.0,850 g,/api/placeholder/200/200,active,100
Borges Olive Oil For Indian Cooking (2 L) : 1.832 kg,Fresh Produce,Vegetables,4200.0,832 kg,/api/placeholder/200/200,active,100
Tilsona Til Oil Bottle (1 L) : 915 g,Fresh Produce,Vegetables,435.0,915 g,/api/placeholder/200/200,active,100
RRO Til Dil Premium Til Oil Bottle : 1 Litre,Fresh Produce,Vegetables,415.0,,/api/placeholder/200/200,active,100
Idhayam Gingelly Oil (1 L) : 914 g,Fresh Produce,Vegetables,477.0,914 g,/api/placeholder/200/200,active,100
KLF Coconad 100% Edible Coconut Oil (1 L) : 912 g,Fresh Produce,Vegetables,375.0,912 g,/api/placeholder/200/200,active,100
Borges Extra Virgin Olive Oil (1 L) : 916 g,Fresh Produce,Vegetables,2300.0,916 g,/api/placeholder/200/200,active,100
Figaro Olive Oil Tin (200 ml) : 182 g,Fresh Produce,Vegetables,474.0,182 g,/api/placeholder/200/200,active,100
Figaro Extra Virgin Olive Oil Bottle (250 ml) : 228 g,Fresh Produce,Vegetables,599.0,228 g,/api/placeholder/200/200,active,100
Pooja Branded Gingelly Oil : 1 Litre,Fresh Produce,Vegetables,270.0,,/api/placeholder/200/200,active,100
As Brand Gingelly Oil : 1 Litre,Fresh Produce,Vegetables,479.0,,/api/placeholder/200/200,active,100
Tata Simply Better Cold Pressed Sesame Oil : 1 L,Fresh Produce,Vegetables,649.0,,/api/placeholder/200/200,active,100
Vijaya Palm Oil : 1 Litre,Fresh Produce,Vegetables,167.0,,/api/placeholder/200/200,active,100
First Klass Refined Palmolein Oil : 850 gms,Fresh Produce,Vegetables,174.0,850 g,/api/placeholder/200/200,active,100
KLF Nirmal Coconut Oil Jar : 1 Litre,Fresh Produce,Vegetables,430.0,,/api/placeholder/200/200,active,100
Nirmal Virgin Cold Pressed Edible Coconut Oil : 500 ml,Fresh Produce,Vegetables,420.0,500 ml,/api/placeholder/200/200,active,100
Cesar Olive Pomace Oil : 1 Litre,Fresh Produce,Vegetables,1000.0,,/api/placeholder/200/200,active,100
Nirmal Virgin Cold Pressed Edible Coconut Oil : 250 ml,Fresh Produce,Vegetables,240.0,250 ml,/api/placeholder/200/200,active,100
Cesar Olive Pomace Oil : 5 Litres,Fresh Produce,Vegetables,4600.0,,/api/placeholder/200/200,active,100
Patanjali Cow Ghee (Neyyi) : 1 Litre,Fresh Produce,Vegetables,720.0,5 g,/api/placeholder/200/200,active,100
Milky Mist Ghee Pouch (1 L) : 910 g,Fresh Produce,Vegetables,729.0,910 g,/api/placeholder/200/200,active,100
Dodla Pure Cow Ghee (Neyyi) : 1 Litre,Fresh Produce,Vegetables,760.0,,/api/placeholder/200/200,active,100
Gits Cow Ghee Jar : 181 g,Fresh Produce,Vegetables,169.0,181 g,/api/placeholder/200/200,active,100
Amul High Aroma Cow Ghee Tin (Neyyi) : 1 Litre,Fresh Produce,Vegetables,705.0,,/api/placeholder/200/200,active,100
Godrej Jersey Cow Ghee Pouch (Neyyi) : 1 Litre,Fresh Produce,Vegetables,779.0,,/api/placeholder/200/200,active,100
Haribol Desi Cow A2 Ghee (Neyyi) : 225 ml,Fresh Produce,Vegetables,495.0,200 g,/api/placeholder/200/200,active,100
Organic India Organic Cow Ghee : 500 ml,Fresh Produce,Vegetables,849.0,500 ml,/api/placeholder/200/200,active,100
Milky Mist Cow Ghee : 1 Litre,Fresh Produce,Vegetables,829.0,,/api/placeholder/200/200,active,100
Vijaya Pure Cow Ghee (Neyyi) : 1 Litre,Fresh Produce,Vegetables,690.0,,/api/placeholder/200/200,active,100
Godrej Jersey Cow Ghee Jar (Neyyi) : 1 Litre,Fresh Produce,Vegetables,799.0,,/api/placeholder/200/200,active,100
Gits Cow Ghee Pouch : 905 g,Fresh Produce,Vegetables,699.0,905 g,/api/placeholder/200/200,active,100
HariBol Desi Gir Cow Ghee : 902 g,Fresh Produce,Vegetables,2090.0,902 g,/api/placeholder/200/200,active,100
Amul Pure Ghee Pouch (Neyyi) : 1 Litre,Fresh Produce,Vegetables,635.0,905 g,/api/placeholder/200/200,active,100
Amul Ghee Refill (Neyyi) : 1 Litre,Fresh Produce,Vegetables,635.0,,/api/placeholder/200/200,active,100
GRB Ghee (Neyyi) : 500 ml,Fresh Produce,Vegetables,425.0,500 ml,/api/placeholder/200/200,active,100
GRB Ghee (Neyyi) : 500 ml,Fresh Produce,Vegetables,419.0,500 ml,/api/placeholder/200/200,active,100
Vijaya Pure Ghee Pouch (Neyyi) : 1 Litre,Fresh Produce,Vegetables,690.0,,/api/placeholder/200/200,active,100
Durga Fresh & Pure Ghee (Neyyi) : 500 ml,Fresh Produce,Vegetables,408.0,500 ml,/api/placeholder/200/200,active,100
Durga Ghee (Neyyi) : 1 Litre,Fresh Produce,Vegetables,790.0,,/api/placeholder/200/200,active,100
Creamline Jersey Ghee (Neyyi) : 1 Litre,Fresh Produce,Vegetables,779.0,,/api/placeholder/200/200,active,100
Dodla Ghee Jar (Neyyi) : 200 ml,Fresh Produce,Vegetables,180.0,200 ml,/api/placeholder/200/200,active,100
Aashirvaad Superior MP Atta (Godhuma pindi) : 10 kgs,Fresh Produce,Vegetables,638.0,10 kg,/api/placeholder/200/200,active,100
Patanjali Whole Wheat Atta (Godhuma pindi) : 10 kgs,Fresh Produce,Vegetables,600.0,10 kg,/api/placeholder/200/200,active,100
Wheat Flour Chakki Atta : 10 kgs,Fresh Produce,Vegetables,500.0,10 kg,/api/placeholder/200/200,active,100
Pillsbury Multi Grain Atta (Godhuma Pindi) : 5 kgs,Fresh Produce,Vegetables,394.0,5 kg,/api/placeholder/200/200,active,100
Wheat Flour Chakki Atta (Godhuma pindi) : 5 kgs,Fresh Produce,Vegetables,250.0,5 kg,/api/placeholder/200/200,active,100
Pillsbury Sharbati Wheat Gold Atta : 5 kg,Fresh Produce,Vegetables,372.0,5 kg,/api/placeholder/200/200,active,100
Organic Tattva Organic Wheat Flour : 5 kgs,Fresh Produce,Vegetables,399.0,5 kg,/api/placeholder/200/200,active,100
DMart Premia Premia Rice Atta (Biyyam Pindi) : 1 kg,Fresh Produce,Vegetables,72.0,1 kg,/api/placeholder/200/200,active,100
Aashirvaad Organic Whole Wheat Atta : 5 kgs,Fresh Produce,Vegetables,399.0,5 kg,/api/placeholder/200/200,active,100
Patanjali Whole Wheat Atta (Godhuma pindi) : 5 kgs,Fresh Produce,Vegetables,315.0,5 kg,/api/placeholder/200/200,active,100
Aashirvaad Sugar Release Control Atta (Godhuma pindi) : 5 kgs,Fresh Produce,Vegetables,445.0,5 kg,/api/placeholder/200/200,active,100
Srivari Whole Wheat Chakki Fresh Atta : 5 kg,Fresh Produce,Vegetables,325.0,5 kg,/api/placeholder/200/200,active,100
Pillsbury Wheat Atta (Godhuma pindi) : 2 kgs,Fresh Produce,Vegetables,131.0,2 kg,/api/placeholder/200/200,active,100
24 Mantra Organic Whole Wheat Atta : 5 kgs,Fresh Produce,Vegetables,395.0,,/api/placeholder/200/200,active,100
Pillsbury Chakki Fresh Wheat Atta (Godhuma pindi) : 1 kg,Fresh Produce,Vegetables,71.0,1 kg,/api/placeholder/200/200,active,100
24 Mantra Organic Ragi Flour (Ragi Pindi) : 500 gms,Fresh Produce,Vegetables,75.0,500 g,/api/placeholder/200/200,active,100
Gb Whole Wheat Atta : 1 Kg,Fresh Produce,Vegetables,55.0,1 kg,/api/placeholder/200/200,active,100
Pro Nature Whole Wheat Flour : 5 Kg,Fresh Produce,Vegetables,419.0,,/api/placeholder/200/200,active,100
Annapurna Chakki Farm Fresh Atta : 10 kg,Fresh Produce,Vegetables,614.0,10 kg,/api/placeholder/200/200,active,100
Pillsbury Multi Grains Atta : 1 kg,Fresh Produce,Vegetables,80.0,1 kg,/api/placeholder/200/200,active,100
Manna Sprouted Ragi Flour : 500 gms,Fresh Produce,Vegetables,109.0,500 g,/api/placeholder/200/200,active,100
Srivari Whole Wheat Chakki Fresh Atta : 10 kg,Fresh Produce,Vegetables,650.0,10 kg,/api/placeholder/200/200,active,100
24 Mantra Organic Sattu Atta (Gondhuma Pindi) : 500 gms,Fresh Produce,Vegetables,160.0,500 g,/api/placeholder/200/200,active,100
Srivari Whole Wheat Chakki Fresh Atta : 1 kg,Fresh Produce,Vegetables,75.0,1 kg,/api/placeholder/200/200,active,100
DMart Premia Idli Rava : 500 gms,Fresh Produce,Vegetables,39.0,500 g,/api/placeholder/200/200,active,100
DMart Premia Rava Small,Fresh Produce,Vegetables,,,/api/placeholder/200/200,active,100
DMart Premia Bajari : 1 kg,Fresh Produce,Vegetables,66.0,1 kg,/api/placeholder/200/200,active,100
DMart Premia Lapsi Rava Small : 500 gms,Fresh Produce,Vegetables,40.0,500 g,/api/placeholder/200/200,active,100
True Elements Whole Grain Quinoa : 1 kg,Fresh Produce,Vegetables,650.0,,/api/placeholder/200/200,active,100
DMart Premia Lapsi Rava : 500 gms,Fresh Produce,Vegetables,39.0,500 g,/api/placeholder/200/200,active,100
VSR Idly Rawa : 1 kg,Fresh Produce,Vegetables,66.0,1 kg,/api/placeholder/200/200,active,100
VSR Wheat Rawa : 1 kg,Fresh Produce,Vegetables,80.0,1 kg,/api/placeholder/200/200,active,100
DMart Healthy Choice Little Millet : 500 gms,Fresh Produce,Vegetables,70.0,500 g,/api/placeholder/200/200,active,100
DMart Healthy Choice Barnyard Millet : 500 gms,Fresh Produce,Vegetables,88.0,500 g,/api/placeholder/200/200,active,100
DMart Healthy Choice Proso Millet Healthy Choice : 500 gms,Fresh Produce,Vegetables,99.0,500 g,/api/placeholder/200/200,active,100
DMart Premia Kesari Rava : 500 gms,Fresh Produce,Vegetables,39.0,500 g,/api/placeholder/200/200,active,100
VSR Brown Rawa : 500 gms,Fresh Produce,Vegetables,100.0,500 g,/api/placeholder/200/200,active,100
Manna Ethnic Barnyard Millet : 500 gms,Fresh Produce,Vegetables,139.0,500 g,/api/placeholder/200/200,active,100
Desi Nutri Brown Top Millet Hari Kangni : 500 gm,Fresh Produce,Vegetables,230.0,500 g,/api/placeholder/200/200,active,100
Desi Nutri Barnyard Millet Sanwa : 500 gm,Fresh Produce,Vegetables,150.0,500 g,/api/placeholder/200/200,active,100
VSR Foxtail Millet : 500 gms,Fresh Produce,Vegetables,95.0,500 g,/api/placeholder/200/200,active,100
Parry's Foxtail Millet : 500 g,Fresh Produce,Vegetables,90.0,500 g,/api/placeholder/200/200,active,100
Parry's Little Millet : 500 g,Fresh Produce,Vegetables,110.0,500 g,/api/placeholder/200/200,active,100
Parry's Kodo Millet : 500 g,Fresh Produce,Vegetables,100.0,500 g,/api/placeholder/200/200,active,100
Parry's Barnyard Millet : 500 g,Fresh Produce,Vegetables,110.0,500 g,/api/placeholder/200/200,active,100
DMart Premia Besan (Senagapindi) : 1 kg,Fresh Produce,Vegetables,135.0,1 kg,/api/placeholder/200/200,active,100
DMart Premia Maida : 500 gms,Fresh Produce,Vegetables,37.0,500 g,/api/placeholder/200/200,active,100
Tata Sampann Fine Besan (Senagapindi) : 1 kg,Fresh Produce,Vegetables,166.0,,/api/placeholder/200/200,active,100
VSR Bombay Rawa : 1 kg,Fresh Produce,Vegetables,72.0,1 kg,/api/placeholder/200/200,active,100
DMart Premia Nachni Atta (Ragi Pindi) : 500 gms,Fresh Produce,Vegetables,46.0,500 g,/api/placeholder/200/200,active,100
Manna Health Mix : 500 gms,Fresh Produce,Vegetables,279.0,500 g,/api/placeholder/200/200,active,100
VSR Wheat Rawa : 500 gms,Fresh Produce,Vegetables,42.0,500 g,/api/placeholder/200/200,active,100
VSR Besan (Senagapindi) : 500 gms,Fresh Produce,Vegetables,89.0,500 g,/api/placeholder/200/200,active,100
Weikfield Corn Flour : 500 gms,Fresh Produce,Vegetables,90.0,500 g,/api/placeholder/200/200,active,100
Weikfield Corn Flour : 100 gms,Fresh Produce,Vegetables,30.0,100 g,/api/placeholder/200/200,active,100
Manna Ethnic Foxtail Millet : 500 gms,Fresh Produce,Vegetables,139.0,500 g,/api/placeholder/200/200,active,100
Manna Ethnic Millets Little Millets : 500 gms,Fresh Produce,Vegetables,139.0,500 g,/api/placeholder/200/200,active,100
Sri Aharya Sprouted & Roasted Ragi Flour : 500 gms,Fresh Produce,Vegetables,69.0,500 g,/api/placeholder/200/200,active,100
24 Mantra Organic Besan (Senagapindi) : 500 gms,Fresh Produce,Vegetables,135.0,500 g,/api/placeholder/200/200,active,100
VSR Ragi Flour : 1 kg,Fresh Produce,Vegetables,92.0,1 kg,/api/placeholder/200/200,active,100
VSR Ragi Flour : 500 gms,Fresh Produce,Vegetables,48.0,500 g,/api/placeholder/200/200,active,100
Pro Nature Sooji : 500 g,Fresh Produce,Vegetables,74.0,500 g,/api/placeholder/200/200,active,100
VSR Quinoa : 500 gms,Fresh Produce,Vegetables,195.0,500 g,/api/placeholder/200/200,active,100
Desi Nutri Sprouted Ragi Flour : 450 gm,Fresh Produce,Vegetables,165.0,450 g,/api/placeholder/200/200,active,100
Desi Nutri Multi Roti Mix : 450 gm,Fresh Produce,Vegetables,190.0,450 g,/api/placeholder/200/200,active,100
Desi Nutri Finger Millet Flour : 450 gm,Fresh Produce,Vegetables,129.0,450 g,/api/placeholder/200/200,active,100
Sona Masoori Kurnool Rice : 26 kgs,Fresh Produce,Vegetables,2210.0,26 kg,/api/placeholder/200/200,active,100
Sona Masoori Premium Kurnool Rice : 26 kgs,Fresh Produce,Vegetables,2600.0,26 kg,/api/placeholder/200/200,active,100
Premium Sona Masuri Rice : 26 kgs,Fresh Produce,Vegetables,1820.0,26 g,/api/placeholder/200/200,active,100
Karnool Sona Masuri Rice :26 kgs,Fresh Produce,Vegetables,2080.0,26 kg,/api/placeholder/200/200,active,100
Sona Masoori Premium Kurnool Rice (Biyyam) : 10 kgs,Fresh Produce,Vegetables,1000.0,10 kg,/api/placeholder/200/200,active,100
Sona Masoori Kurnool Rice (Biyyam) : 5 kgs,Fresh Produce,Vegetables,450.0,5 kg,/api/placeholder/200/200,active,100
Sona Raw Rice : 26 kgs,Fresh Produce,Vegetables,1820.0,26 kg,/api/placeholder/200/200,active,100
Sona Masoori Kurnool Rice (Biyyam) : 10 kgs,Fresh Produce,Vegetables,900.0,10 kg,/api/placeholder/200/200,active,100
Sona Masoori Premium Kurnool Rice (Biyyam) : 5 kgs,Fresh Produce,Vegetables,500.0,5 kg,/api/placeholder/200/200,active,100
VSR Sona Masuri Rice : 5 kgs,Fresh Produce,Vegetables,470.0,5 kg,/api/placeholder/200/200,active,100
VSR Sona Masuri Rice : 10 kgs,Fresh Produce,Vegetables,930.0,10 kg,/api/placeholder/200/200,active,100
Daawat Rozana Super Basmati Rice (Biyyam) : 5 kgs,Fresh Produce,Vegetables,495.0,5 kg,/api/placeholder/200/200,active,100
Daawat Devaaya Basmati Rice (Biyyam) : 5 kgs,Fresh Produce,Vegetables,845.0,5 kg,/api/placeholder/200/200,active,100
India Gate Basmati Rice - Feast Rozzana (Biyyam) : 1 kg,Fresh Produce,Vegetables,118.0,1 kg,/api/placeholder/200/200,active,100
Daawat Super Basmati Rice (Biyyam) : 1 kg,Fresh Produce,Vegetables,200.0,1 kg,/api/placeholder/200/200,active,100
Daawat Rozana Basmati Rice - Gold (Biyyam) : 5 kgs,Fresh Produce,Vegetables,600.0,5 kg,/api/placeholder/200/200,active,100
India Gate Basmati Rice - Classic (Biyyam) : 5 kgs,Fresh Produce,Vegetables,1255.0,5 kg,/api/placeholder/200/200,active,100
Daawat Pulav Basmati Rice (Biyyam) : 1 kg,Fresh Produce,Vegetables,177.0,1 kg,/api/placeholder/200/200,active,100
Daawat Traditional Basmati Rice (Biyyam) : 1 kg,Fresh Produce,Vegetables,250.0,1 kg,/api/placeholder/200/200,active,100
Kohinoor Super Value Basmati Rice (Biyyam) : 1 kg,Fresh Produce,Vegetables,199.0,1 kg,/api/placeholder/200/200,active,100
Devaaya Biryani Basmati Rice (Biyyam) : 1 kg,Fresh Produce,Vegetables,250.0,1 kg,/api/placeholder/200/200,active,100
Brown Rice (Biyyam) : 5 kgs,Fresh Produce,Vegetables,450.0,5 kg,/api/placeholder/200/200,active,100
Pansari Royal Basmati Rice : 1 kg,Fresh Produce,Vegetables,230.0,1 kg,/api/placeholder/200/200,active,100
24 Mantra Organic Sonamasuri Brown Rice (Biyyam) : 1 kg,Fresh Produce,Vegetables,125.0,1 kg,/api/placeholder/200/200,active,100
DMart Premia Red Rice (Biyyam) : 1 kg,Fresh Produce,Vegetables,87.0,1 kg,/api/placeholder/200/200,active,100
Gajanan Silver GB JSR Premium Rice : 26 kgs,Fresh Produce,Vegetables,2210.0,26 kg,/api/placeholder/200/200,active,100
Parry's Sona Masoori Steam Rice Deluxe : 10 kg,Fresh Produce,Vegetables,960.0,10 kg,/api/placeholder/200/200,active,100
Parry's Sona Masoori Steam Rice Deluxe : 5 kg,Fresh Produce,Vegetables,480.0,5 kg,/api/placeholder/200/200,active,100
Parry's HMT Rice Deluxe : 5 kg,Fresh Produce,Vegetables,480.0,5 kg,/api/placeholder/200/200,active,100
Parry's HMT Rice Deluxe : 10 kg,Fresh Produce,Vegetables,960.0,10 kg,/api/placeholder/200/200,active,100
VSR Kurnool Rice : 10 kgs,Fresh Produce,Vegetables,950.0,10 kg,/api/placeholder/200/200,active,100
VSR Kurnool Rice : 5 kgs,Fresh Produce,Vegetables,490.0,5 kg,/api/placeholder/200/200,active,100
Tata Sampann Poha (Atukulu) : 500 gms,Fresh Produce,Vegetables,53.0,500 g,/api/placeholder/200/200,active,100
Organic Tattva Red Poha : 500 gms,Fresh Produce,Vegetables,99.0,500 g,/api/placeholder/200/200,active,100
Pro Nature 100% Organic Red Beaten Rice (Red Poha) : 500 gm,Fresh Produce,Vegetables,89.0,500 g,/api/placeholder/200/200,active,100
24 Mantra Organic Poha (Atukulu) : 500 gms,Fresh Produce,Vegetables,85.0,500 g,/api/placeholder/200/200,active,100
Vijay Premium Murmura (Puffed Rice) : 500 gms,Fresh Produce,Vegetables,60.0,500 g,/api/placeholder/200/200,active,100
Farmley Premium Pumpkin Seeds : 200 gms,Fresh Produce,Vegetables,259.0,200 g,/api/placeholder/200/200,active,100
Farmley Premium Sunflower Seeds : 200 gms,Fresh Produce,Vegetables,159.0,200 g,/api/placeholder/200/200,active,100
Nutraj Cardamom  (Elaichi) : 50 gm,Fresh Produce,Vegetables,300.0,50 g,/api/placeholder/200/200,active,100
DMart Premia Grated Dry Coconut : 200 gms,Fresh Produce,Vegetables,114.0,200 g,/api/placeholder/200/200,active,100
Farmley Premium Chia Seeds : 200 gms,Fresh Produce,Vegetables,199.0,200 g,/api/placeholder/200/200,active,100
DMart Premia Ajma (Vamu) : 200 gms,Fresh Produce,Vegetables,104.0,200 g,/api/placeholder/200/200,active,100
Tamarind : 500 gms,Fresh Produce,Vegetables,110.0,500 g,/api/placeholder/200/200,active,100
DMart Premia Chilli Guntur Stemless : 100 gms,Fresh Produce,Vegetables,53.0,100 g,/api/placeholder/200/200,active,100
Kitchen King Imli (Chinthapandu) : 500 gms,Fresh Produce,Vegetables,125.0,500 g,/api/placeholder/200/200,active,100
Granny's Cake Tamarind : 1 kg,Fresh Produce,Vegetables,246.0,1 kg,/api/placeholder/200/200,active,100
Kitchen King Emli (Chinthapandu) : 1 kg,Fresh Produce,Vegetables,240.0,1 kg,/api/placeholder/200/200,active,100
Granny's Cake Tamarind : 500 gms,Fresh Produce,Vegetables,124.0,500 g,/api/placeholder/200/200,active,100
Everest Saffron (Kesar) : 0.5 gms,Fresh Produce,Vegetables,210.0,5 g,/api/placeholder/200/200,active,100
Pro Nature 100% Organic Black Pepper (Whole) : 100 gm,Fresh Produce,Vegetables,210.0,100 g,/api/placeholder/200/200,active,100
Ready Tamarind : 500 gms,Fresh Produce,Vegetables,155.0,500 g,/api/placeholder/200/200,active,100
Ready Tamarind : 1 kg,Fresh Produce,Vegetables,308.0,1 kg,/api/placeholder/200/200,active,100
Nutraj Cardamom  (Elaichi) : 20 gm,Fresh Produce,Vegetables,120.0,20 g,/api/placeholder/200/200,active,100
Pro Nature 100% Organic Mustard (Small) : 200 gm,Fresh Produce,Vegetables,84.0,200 g,/api/placeholder/200/200,active,100
Pro Nature Classic Sesame (White Natural) : 200 gm,Fresh Produce,Vegetables,142.0,200 g,/api/placeholder/200/200,active,100
Pro Nature Red Chilli Whole Hot : 100 g,Fresh Produce,Vegetables,146.0,100 g,/api/placeholder/200/200,active,100
Pro Nature Cumin Whole : 250 g,Fresh Produce,Vegetables,375.0,250 g,/api/placeholder/200/200,active,100
Pro Nature 100% Organic Fenugreek (Methi) : 200 gm,Fresh Produce,Vegetables,86.0,200 g,/api/placeholder/200/200,active,100
Pro Nature 100% Organic Cinnamon Bark : 50 gm,Fresh Produce,Vegetables,85.0,50 g,/api/placeholder/200/200,active,100
Pro Nature 100% Organic Cumin (Whole) : 100 gm,Fresh Produce,Vegetables,176.0,100 g,/api/placeholder/200/200,active,100
Pro Nature 100% Organic Coriander (Whole) : 200 gm,Fresh Produce,Vegetables,119.0,200 g,/api/placeholder/200/200,active,100
Farmley Chia Seeds : 1 kg,Fresh Produce,Vegetables,1199.0,1 kg,/api/placeholder/200/200,active,100
Nutraj Pumpkin Seeds Pouch : 100 g,Fresh Produce,Vegetables,99.0,100 g,/api/placeholder/200/200,active,100
Nutraj Watermelon Seeds Pouch : 100 g,Fresh Produce,Vegetables,149.0,100 g,/api/placeholder/200/200,active,100
Farmley Quinoa Seeds (Ready to Cook) : 500 g,Fresh Produce,Vegetables,300.0,500 g,/api/placeholder/200/200,active,100
Pro Nature Cardamom (Small) : 50 g,Fresh Produce,Vegetables,465.0,50 g,/api/placeholder/200/200,active,100
Everest Tikhalal Chilli Powder : 200 gms,Fresh Produce,Vegetables,120.0,200 g,/api/placeholder/200/200,active,100
DMart Premia Extra Strong Hing Powder : 100 gms,Fresh Produce,Vegetables,190.0,100 g,/api/placeholder/200/200,active,100
Everest Garam Masala : 100 gms,Fresh Produce,Vegetables,100.0,100 g,/api/placeholder/200/200,active,100
Everest Turmeric Powder : 200 gms,Fresh Produce,Vegetables,92.0,200 g,/api/placeholder/200/200,active,100
Everest Kitchen King Masala : 100 gms,Fresh Produce,Vegetables,90.0,100 g,/api/placeholder/200/200,active,100
LG Hing : 100 gms,Fresh Produce,Vegetables,182.0,100 g,/api/placeholder/200/200,active,100
Everest Shahi Biryani Masala : 50 gms,Fresh Produce,Vegetables,83.0,50 g,/api/placeholder/200/200,active,100
Everest Coriander Powder : 500 gms,Fresh Produce,Vegetables,190.0,500 g,/api/placeholder/200/200,active,100
DMart Healthy Choice Roasted Watermelon Seeds : 100 gms,Fresh Produce,Vegetables,225.0,100 g,/api/placeholder/200/200,active,100
Everest Chhole Masala : 100 gms,Fresh Produce,Vegetables,88.0,100 g,/api/placeholder/200/200,active,100
DMart Premia Red Chilli Powder : 200 gms,Fresh Produce,Vegetables,91.0,200 g,/api/placeholder/200/200,active,100
DMart Healthy Choice Roasted Pumpkin Seeds : 100 gms,Fresh Produce,Vegetables,168.0,100 g,/api/placeholder/200/200,active,100
Aashirvaad Chilli Powder : 500 gms,Fresh Produce,Vegetables,250.0,500 g,/api/placeholder/200/200,active,100
MTR Sambar Powder : 200 gms,Fresh Produce,Vegetables,150.0,200 g,/api/placeholder/200/200,active,100
Everest Chicken Masala : 50 gms,Fresh Produce,Vegetables,48.0,50 g,/api/placeholder/200/200,active,100
Everest Sambhar Masala : 50 gms,Fresh Produce,Vegetables,42.0,50 g,/api/placeholder/200/200,active,100
Everest Yellow Hing Powder : 100 gms,Fresh Produce,Vegetables,190.0,100 g,/api/placeholder/200/200,active,100
DMart Healthy Choice Chia Seeds : 100 gms,Fresh Produce,Vegetables,132.0,100 g,/api/placeholder/200/200,active,100
Everest Meat Masala : 100 gms,Fresh Produce,Vegetables,92.0,100 g,/api/placeholder/200/200,active,100
DMart Healthy Choice Roasted Sunflower Seeds : 100 gms,Fresh Produce,Vegetables,103.0,100 g,/api/placeholder/200/200,active,100
Jalaram Brand Cardamom Powder : 20 gms,Fresh Produce,Vegetables,140.0,20 g,/api/placeholder/200/200,active,100
Aachi Chicken Masala Powder : 100 gms,Fresh Produce,Vegetables,50.0,100 g,/api/placeholder/200/200,active,100
DMart Premia Garam Masala Whole  : 100 gms,Fresh Produce,Vegetables,136.0,100 g,/api/placeholder/200/200,active,100
DMart Premia Amchur : 100 gms,Fresh Produce,Vegetables,43.0,100 g,/api/placeholder/200/200,active,100
MTR Puliogare Powder : 100 gms,Fresh Produce,Vegetables,70.0,100 g,/api/placeholder/200/200,active,100
MTR Chilli Powder : 500 gms,Fresh Produce,Vegetables,250.0,500 g,/api/placeholder/200/200,active,100
Everest Tandoori Chicken Masala : 100 gms,Fresh Produce,Vegetables,92.0,100 g,/api/placeholder/200/200,active,100
Swastik Mirch Powder : 500 gms,Fresh Produce,Vegetables,205.0,500 g,/api/placeholder/200/200,active,100
Aashirvaad Turmeric Powder : 200 gms,Fresh Produce,Vegetables,80.0,200 g,/api/placeholder/200/200,active,100
Everest Black Pepper Powder : 50 gms,Fresh Produce,Vegetables,78.0,50 g,/api/placeholder/200/200,active,100
Aachi Garam Masala Powder : 50 gms,Fresh Produce,Vegetables,34.0,50 g,/api/placeholder/200/200,active,100
Everest Dry Mango Powder : 100 gms,Fresh Produce,Vegetables,96.0,100 g,/api/placeholder/200/200,active,100
Everest Pani Puri Masala : 50 gms,Fresh Produce,Vegetables,40.0,50 g,/api/placeholder/200/200,active,100
Everest Sabji Masala : 50 gms,Fresh Produce,Vegetables,38.0,50 g,/api/placeholder/200/200,active,100
Everest Hingraj Powder : 50 gms,Fresh Produce,Vegetables,143.0,50 g,/api/placeholder/200/200,active,100
MTR Rasam Powder : 100 gms,Fresh Produce,Vegetables,85.0,100 g,/api/placeholder/200/200,active,100
Aachi Sambar Powder : 100 gms,Fresh Produce,Vegetables,46.0,100 g,/api/placeholder/200/200,active,100
Surya Chilli Powder : 500 gms,Fresh Produce,Vegetables,260.0,500 g,/api/placeholder/200/200,active,100
Eastern Turmeric Powder : 500 gms,Fresh Produce,Vegetables,185.0,500 g,/api/placeholder/200/200,active,100
Three Mango Pickle Mirch Powder : 500 gms,Fresh Produce,Vegetables,408.0,500 g,/api/placeholder/200/200,active,100
Surya Turmeric Powder : 500 gms,Fresh Produce,Vegetables,210.0,500 g,/api/placeholder/200/200,active,100
Bambino Red Chilli Powder : 500 gms,Fresh Produce,Vegetables,280.0,500 g,/api/placeholder/200/200,active,100
MTR Spicy Sambar Masala Powder : 200 gms,Fresh Produce,Vegetables,150.0,200 g,/api/placeholder/200/200,active,100
Goldiee Red Chilli Powder Pouch : 500 gms,Fresh Produce,Vegetables,163.0,500 g,/api/placeholder/200/200,active,100
Eastern Chilli Powder : 500 gms,Fresh Produce,Vegetables,250.0,500 g,/api/placeholder/200/200,active,100
DMart Premia Chaat Masala : 100 gms,Fresh Produce,Vegetables,44.0,100 g,/api/placeholder/200/200,active,100
Everest Hingraj Powder Red : 100 gms,Fresh Produce,Vegetables,275.0,100 g,/api/placeholder/200/200,active,100
Goldiee Turmeric Powder Pouch : 500 gms,Fresh Produce,Vegetables,189.0,500 g,/api/placeholder/200/200,active,100
Aachi Cooking Turmeric Powder : 100 gms,Fresh Produce,Vegetables,42.0,100 g,/api/placeholder/200/200,active,100
Jalaram Brand Cinnamon Powder : 50 gms,Fresh Produce,Vegetables,75.0,50 g,/api/placeholder/200/200,active,100
Aachi Biriyani Masala Powder : 50 gms,Fresh Produce,Vegetables,38.0,50 g,/api/placeholder/200/200,active,100
MTR Special Garam Masala : 50 gms,Fresh Produce,Vegetables,55.0,50 g,/api/placeholder/200/200,active,100
Goldiee Kashmiri Mirch Powder : 100 gms,Fresh Produce,Vegetables,110.0,100 g,/api/placeholder/200/200,active,100
Aashirvaad Masala Karam : 200 gm,Fresh Produce,Vegetables,150.0,200 g,/api/placeholder/200/200,active,100
Aashirvaad Coriander Powder : 500 gms,Fresh Produce,Vegetables,230.0,500 g,/api/placeholder/200/200,active,100
Jalaram Brand Black Pepper Powder : 50 gms,Fresh Produce,Vegetables,85.0,50 g,/api/placeholder/200/200,active,100
DMart Premia Chicken Masala : 100 gms,Fresh Produce,Vegetables,46.0,100 g,/api/placeholder/200/200,active,100
Goldiee Coriander Powder Pouch : 500 gms,Fresh Produce,Vegetables,114.0,500 g,/api/placeholder/200/200,active,100
Snapin Cardamom Powder : 15 gm,Fresh Produce,Vegetables,59.0,15 g,/api/placeholder/200/200,active,100
Jalaram Brand Tea Masala with Saffron : 20 gms,Fresh Produce,Vegetables,60.0,20 g,/api/placeholder/200/200,active,100
Rajini Tamarind Cake : 500 gms,Fresh Produce,Vegetables,191.0,500 g,/api/placeholder/200/200,active,100
Swastik Haldi Powder : 500 gms,Fresh Produce,Vegetables,208.0,500 g,/api/placeholder/200/200,active,100
Goldiee Garam Masala : 100 gms,Fresh Produce,Vegetables,102.0,100 g,/api/placeholder/200/200,active,100
Surya Coriander Powder : 500 gms,Fresh Produce,Vegetables,200.0,500 g,/api/placeholder/200/200,active,100
Goldiee Chat Masala : 100 gms,Fresh Produce,Vegetables,72.0,100 g,/api/placeholder/200/200,active,100
Goldiee Chicken Masala : 100 gms,Fresh Produce,Vegetables,82.0,100 g,/api/placeholder/200/200,active,100
Shan Tandoori Barbeque Masala : 50 gms,Fresh Produce,Vegetables,90.0,50 g,/api/placeholder/200/200,active,100
Shan Chicken Masala : 50 gms,Fresh Produce,Vegetables,90.0,50 g,/api/placeholder/200/200,active,100
Goldiee Kitchen King Masala : 100 gms,Fresh Produce,Vegetables,88.0,100 g,/api/placeholder/200/200,active,100
Goldiee Pavbhaji Masala : 100 gms,Fresh Produce,Vegetables,82.0,100 g,/api/placeholder/200/200,active,100
Shan Nihari Masala : 60 gms,Fresh Produce,Vegetables,90.0,60 g,/api/placeholder/200/200,active,100
Goldiee Sabji Masala : 100 gms,Fresh Produce,Vegetables,64.0,100 g,/api/placeholder/200/200,active,100
DMart Premia Sambar Powder : 100 gms,Fresh Produce,Vegetables,38.0,100 g,/api/placeholder/200/200,active,100
Shan Chicken Tikka Masala : 50 gms,Fresh Produce,Vegetables,90.0,50 g,/api/placeholder/200/200,active,100
Shan Korma Masala : 50 gms,Fresh Produce,Vegetables,90.0,50 g,/api/placeholder/200/200,active,100
Goldiee Meat Masala Special : 100 gms,Fresh Produce,Vegetables,86.0,100 g,/api/placeholder/200/200,active,100
Goldiee Chhole Masala : 100 gms,Fresh Produce,Vegetables,88.0,100 g,/api/placeholder/200/200,active,100
Swastik Dhania Powder : 500 gms,Fresh Produce,Vegetables,158.0,500 g,/api/placeholder/200/200,active,100
Snapin Cinnamon Powder : 25 gm,Fresh Produce,Vegetables,49.0,25 g,/api/placeholder/200/200,active,100
Surya Garam Masala : 50 gms,Fresh Produce,Vegetables,46.0,50 g,/api/placeholder/200/200,active,100
Shan Achar Gosht Masala : 50 gms,Fresh Produce,Vegetables,90.0,50 g,/api/placeholder/200/200,active,100
Shan Karahi Gosht Masala : 50 gms,Fresh Produce,Vegetables,90.0,50 g,/api/placeholder/200/200,active,100
Tata Sampann Garam Masala : 100 gms,Fresh Produce,Vegetables,105.0,100 g,/api/placeholder/200/200,active,100
Shan Tikka Masala : 50 gms,Fresh Produce,Vegetables,90.0,50 g,/api/placeholder/200/200,active,100
Surya Chicken Masala : 50 gms,Fresh Produce,Vegetables,46.0,50 g,/api/placeholder/200/200,active,100
Snapin Kashmiri Chilli Paprika : 40 gms,Fresh Produce,Vegetables,99.0,40 g,/api/placeholder/200/200,active,100
TDH Rishika Karvepaku Kara Podi : 100 gm,Fresh Produce,Vegetables,64.0,100 g,/api/placeholder/200/200,active,100
Srivari Madras Sambar Masala : 100 gm,Fresh Produce,Vegetables,76.0,100 g,/api/placeholder/200/200,active,100
TDH Rishika Kandi Kara Podi : 100 gm,Fresh Produce,Vegetables,64.0,100 g,/api/placeholder/200/200,active,100
Surya Pani Puri Masala : 50 gms,Fresh Produce,Vegetables,44.0,50 g,/api/placeholder/200/200,active,100
Everest Rasam Masala Powder : 100 gms,Fresh Produce,Vegetables,71.0,100 g,/api/placeholder/200/200,active,100
Srivari Garam Masala : 100 gm,Fresh Produce,Vegetables,90.0,100 g,/api/placeholder/200/200,active,100
Srivari Mutton Masala : 100 gm,Fresh Produce,Vegetables,80.0,100 g,/api/placeholder/200/200,active,100
Srivari Chilli Powder : 500 gm,Fresh Produce,Vegetables,279.0,500 g,/api/placeholder/200/200,active,100
Srivari Chilli Powder : 200 gm,Fresh Produce,Vegetables,110.0,200 g,/api/placeholder/200/200,active,100
TDH Rishika Chilli Powder : 500 g,Fresh Produce,Vegetables,225.0,500 g,/api/placeholder/200/200,active,100
Srivari Turmeric Powder : 200 gm,Fresh Produce,Vegetables,105.0,200 g,/api/placeholder/200/200,active,100
Srivari Turmeric Powder : 500 gm,Fresh Produce,Vegetables,225.0,500 g,/api/placeholder/200/200,active,100
TDH Rishika Turmaric Powder : 500 g,Fresh Produce,Vegetables,180.0,500 g,/api/placeholder/200/200,active,100
Srivari Coriander Powder : 200 gm,Fresh Produce,Vegetables,95.0,200 g,/api/placeholder/200/200,active,100
Srivari Coriander Powder : 500 gm,Fresh Produce,Vegetables,225.0,500 g,/api/placeholder/200/200,active,100
TDH Rishika Coriander Powder : 500 g,Fresh Produce,Vegetables,120.0,500 g,/api/placeholder/200/200,active,100
Smith & Jones Ginger Garlic Paste : 200 gms,Fresh Produce,Vegetables,50.0,200 g,/api/placeholder/200/200,active,100
Mother's Recipe Ginger Garlic Paste : 200 gms,Fresh Produce,Vegetables,50.0,200 g,/api/placeholder/200/200,active,100
Weikfield Baking Powder : 100 gms,Fresh Produce,Vegetables,36.0,100 g,/api/placeholder/200/200,active,100
Mother's Recipe Tamarind Paste : 300 gms,Fresh Produce,Vegetables,76.0,300 g,/api/placeholder/200/200,active,100
Mother's Recipe Samosa Chutney : 200 gms,Fresh Produce,Vegetables,60.0,200 g,/api/placeholder/200/200,active,100
Jalaram Kesar (Saffron) : 1 gm,Fresh Produce,Vegetables,395.0,1 g,/api/placeholder/200/200,active,100
Keya Piri Piri : 80 gms,Fresh Produce,Vegetables,119.0,80 g,/api/placeholder/200/200,active,100
Keya Wonder Hot Red Chilli Flakes: 40 gms,Fresh Produce,Vegetables,99.0,40 g,/api/placeholder/200/200,active,100
Keya Oregano : 7 gms,Fresh Produce,Vegetables,109.0,7 g,/api/placeholder/200/200,active,100
DMart Premia Red Chilli Flakes : 50 gms,Fresh Produce,Vegetables,50.0,50 g,/api/placeholder/200/200,active,100
Snapin Mixed Herbs : 20 gms,Fresh Produce,Vegetables,99.0,20 g,/api/placeholder/200/200,active,100
DMart Premia Oregano Seasoning : 50 g,Fresh Produce,Vegetables,54.0,50 g,/api/placeholder/200/200,active,100
Keya Pizza Seasoning : 40 gms,Fresh Produce,Vegetables,139.0,40 g,/api/placeholder/200/200,active,100
Snapin Piri Piri Mix : 50 gms,Fresh Produce,Vegetables,99.0,50 g,/api/placeholder/200/200,active,100
Snapin Cheesy Garlic Bread Mix : 45 gms,Fresh Produce,Vegetables,99.0,45 g,/api/placeholder/200/200,active,100
Snapin Regular Oregano Seasoning Sachet : 10 gms,Fresh Produce,Vegetables,10.0,10 g,/api/placeholder/200/200,active,100
Snapin Regular Chilli Flakes Sachet : 7 gms,Fresh Produce,Vegetables,10.0,7 g,/api/placeholder/200/200,active,100
Snapin Piri Piri Mix Sachet : 12 gms,Fresh Produce,Vegetables,10.0,12 g,/api/placeholder/200/200,active,100
Snapin Piri Piri Mix : 15 gms,Fresh Produce,Vegetables,59.0,15 g,/api/placeholder/200/200,active,100
Raj Flavours Essence - Pineapple : 30 ml,Fresh Produce,Vegetables,42.0,30 ml,/api/placeholder/200/200,active,100
Raj Flavours Essence - Chocolate : 30 ml,Fresh Produce,Vegetables,42.0,30 ml,/api/placeholder/200/200,active,100
Raj Flavours Essence - Butterscotch : 30 ml,Fresh Produce,Vegetables,42.0,30 ml,/api/placeholder/200/200,active,100
Puro Healthy Salt : 1 kg,Fresh Produce,Vegetables,110.0,,/api/placeholder/200/200,active,100
Tata Rock Salt : 1 kg,Fresh Produce,Vegetables,99.0,,/api/placeholder/200/200,active,100
Tata Salt Lite - Low Sodium Iodised : 1 kg,Fresh Produce,Vegetables,50.0,1 kg,/api/placeholder/200/200,active,100
Rock Salt : 1 kg,Fresh Produce,Vegetables,99.0,1 kg,/api/placeholder/200/200,active,100
Tata Iodised Crystal Salt : 1 kg,Fresh Produce,Vegetables,22.0,1 kg,/api/placeholder/200/200,active,100
Aashirvaad Iodized Crystal Salt : 1 kg,Fresh Produce,Vegetables,22.0,1 kg,/api/placeholder/200/200,active,100
Puro Crystal Healthy Salt : 1 kg,Fresh Produce,Vegetables,135.0,1 kg,/api/placeholder/200/200,active,100
Himalayan Pink Rock Salt (Sendha Namak) : 1 kg,Fresh Produce,Vegetables,110.0,,/api/placeholder/200/200,active,100
Madhur Pure & Hygienic Sugar : 1 kg,Fresh Produce,Vegetables,65.0,1 kg,/api/placeholder/200/200,active,100
Parry's White Label Sugar : 5 kgs,Fresh Produce,Vegetables,300.0,5 kg,/api/placeholder/200/200,active,100
Organic Tattva Sugar : 1 kg,Fresh Produce,Vegetables,160.0,1 kg,/api/placeholder/200/200,active,100
Parry's White Label Sugar : 1 kg,Fresh Produce,Vegetables,60.0,1 kg,/api/placeholder/200/200,active,100
Madhur Pure & Hygienic Sulphurless Sugar : 5 kgs,Fresh Produce,Vegetables,315.0,5 kg,/api/placeholder/200/200,active,100
Organic Tattva Brown Sugar : 500 gms,Fresh Produce,Vegetables,90.0,500 g,/api/placeholder/200/200,active,100
Parry's Amrit Brown Bura Sugar : 500 gms,Fresh Produce,Vegetables,50.0,500 g,/api/placeholder/200/200,active,100
24 Mantra Organic Sugar : 1 kg,Fresh Produce,Vegetables,145.0,1 kg,/api/placeholder/200/200,active,100
Parry's Pure Refined Sugar : 1 kg,Fresh Produce,Vegetables,70.0,1 kg,/api/placeholder/200/200,active,100
Parry's Gold Premium Brown Sugar : 500 g,Fresh Produce,Vegetables,40.0,500 g,/api/placeholder/200/200,active,100
Pro Nature 100% Organic Brown Sugar : 1 kg,Fresh Produce,Vegetables,154.0,1 kg,/api/placeholder/200/200,active,100
Pro Nature Organic Brown Sugar : 500 g,Fresh Produce,Vegetables,78.0,500 g,/api/placeholder/200/200,active,100
Sugar Free Gold Pellets : 500 Pellets,Fresh Produce,Vegetables,310.0,,/api/placeholder/200/200,active,100
Sugar Free Gold Powder : 100 gms,Fresh Produce,Vegetables,159.0,100 g,/api/placeholder/200/200,active,100
Sugar Free Natura Pellets : 500 Pellets,Fresh Produce,Vegetables,310.0,,/api/placeholder/200/200,active,100
Sugar Free Natura Powder : 100 gms,Fresh Produce,Vegetables,159.0,100 g,/api/placeholder/200/200,active,100
Relish Diet Sugar Powder Jar : 1 kg,Fresh Produce,Vegetables,375.0,1 kg,/api/placeholder/200/200,active,100
Pitambari Ruchiyana Jaggery Powder : 500 g,Fresh Produce,Vegetables,85.0,500 g,/api/placeholder/200/200,active,100
Paawak Jaggery Cubes Jar : 500 gms,Fresh Produce,Vegetables,110.0,500 g,/api/placeholder/200/200,active,100
Parry's Amrit Jaggery Powder : 500 gms,Fresh Produce,Vegetables,55.0,500 g,/api/placeholder/200/200,active,100
Kastoori Jaggery Powder : 1 kg,Fresh Produce,Vegetables,125.0,1 kg,/api/placeholder/200/200,active,100
Organic Tattva Jaggery Powder : 500 gms,Fresh Produce,Vegetables,90.0,500 g,/api/placeholder/200/200,active,100
Patanjali Madhuram Jaggery Powder : 1 kg,Fresh Produce,Vegetables,85.0,1 kg,/api/placeholder/200/200,active,100
Bellam Pakam Chikki Gud : 900 gms,Fresh Produce,Vegetables,90.0,900 g,/api/placeholder/200/200,active,100
